상품명,상품가격,배송비
코카콜라 제로콜라 190mL 30개 미니 캔 음료,11450,6000.0
코카콜라 제로 190ml 245ml 355ml 500ml 1.25L 업소용 각2개씩 미니캔 도매,15000,0.0
코카콜라 190ml 30개 미니 캔 음료,13600,3000.0
상일 노브랜드 콜라제로 355ml,2880,
도매 음료수 미니캔 코카콜라 칠성 사이다 펩시 190ml 각10캔 30캔 캔음료 업소용,16800,0.0
롯데칠성음료 펩시제로슈거 제로 슈거 라임 1.25L,13100,
코카콜라 제로 355ml x 24캔 제로콜라 뚱캔 본사발주 최신제조 안전배송,16890,3000.0
코카콜라 제로 190ml,2950,
뚱캔 업소용 음료수 각4개씩 24캔 코카콜라 펩시제로 칠성사이다 스프라이트 355ml,17900,0.0
코카콜라 제로 355ml,4200,
코카콜라300ml8입+크리스마스 오너먼트,9590,3000.0
펩시제로 라임 355 ml x 24캔,14900,3000.0
코카콜라 콜라 190ml,760,
코카콜라 제로 무라벨 370ml,6480,
코카콜라 콜라 1.25L,7580,
펩시제로 라임 뚱캔 355ml 24캔,12900,3500.0
롯데칠성음료 펩시제로슈거 라임향 355ml,3540,
코카콜라 제로콜라 300ml 미니 페트 탄산음료 24개,21000,0.0
코카콜라 콜라 500ml,2410,
코카콜라 콜라 245ml,4490,
코카콜라 코크제로 355ml x 24입 뚱캔 한박스,14890,5000.0
코카콜라 코카콜라 업소용 500ml x 24PET,19590,0.0
코카콜라 제로콜라 탄산음료 190ml 4캔 355ml 12캔 500ml 6개 총22개,19900,0.0
[도매]미니캔 음료수 제로 코카콜라 펩시 칠성사이다 190ml각10개30캔 업소용 캔음료,16900,0.0
펩시콜라 제로 슈거라임 210ml 30개 탄산음료 제로콜라 음료수,11000,5000.0
롯데칠성음료 펩시 펩시콜라 245ml,10700,
홈플러스시그니처 제로콜라 1.5L,1000,3000.0
롯데칠성음료 펩시제로슈거 라임향 500ml,6390,
크리스마스 오너먼트 한정판  정상가24500  본사직영  코카콜라 제로 355ml 24CAN +  오너먼트,20440,0.0
코카콜라 355mlX24캔 음료수,20800,0.0
롯데칠성음료 펩시제로슈거 제로 슈거 라임향 210ml,3460,
펩시콜라 제로 슈가 라임 캔 뚱캔 355mL 24캔 슈거,17900,0.0
코카콜라 제로콜라 190ml x 30캔 1박스 미니 캔 음료,10490,6000.0
코카콜라 1.5L,15050,
뚱캔 업소용 음료수 코카콜라 칠성사이다 펩시 스프라이트 355ml각6캔 24캔세트 캔음료,18900,0.0
코카콜라제로 500ml x 24펫 업소용 제로콜라/최근상품/안전포장,18950,3000.0
코카콜라 콜라 355ml,1850,
코카콜라 콜라 300ml,1600,
코카콜라 제로 500ml,5300,
코카콜라 제로 1.25L,7610,
코카콜라 제로 레몬 355ml,4160,
롯데칠성음료 펩시콜라 1.25L,1033,
코카콜라 제로 1.5L,9300,
미니 캔음료 음료수 코카콜라 펩시 칠성사이다 환타오렌지 맥콜 190ml 30캔 각6개씩,16900,0.0
코카콜라 콜라 라이트 250ml,15520,
펩시제로 콜라 라임 500ml 20페트 업소용,13900,4000.0
미니 캔음료 음료수 제로 코카콜라 칠성사이다 환타오렌지 맥콜 190ml 15캔 각3개씩,12900,0.0
롯데칠성음료 펩시콜라 500ml,4100,
코카콜라 355ml  업소용  24개 - 코카콜라 500ml 24개입 355m 24개 콜라 190m 30캔 사이다 탄산수 뚱캔,19530,0.0
코카콜라 제로 업소용 1.25L x 12PET,15910,3000.0
롯데칠성음료 펩시제로슈거 블랙 1.5L,11400,
롯데칠성음료 펩시제로슈거 라임향 무라벨 300ml,12090,
코카콜라 무라벨 370ml,6480,
코카콜라 350ml,15390,
펩시제로라임 콜라 500ml 20개,13890,3000.0
"펩시제로 콜라 라임 500ml 업소용 (20개,박스)",13900,3000.0
코카콜라 오너먼트 패키지 (300ML*8입),10500,3000.0
펩시콜라 업소용 500ml-20pet,14500,0.0
코카콜라 제로 슈거 제로 카페인 250ml X 30캔,27800,0.0
음료 팩 미니 슬림 뚱 캔 도매 코카콜라 제로 펩시 맥콜 음료수 종류,12670,0.0
롯데칠성음료 펩시제로슈거 망고향 355ml,12090,
롯데칠성음료 펩시콜라 190ml,2000,
펩시제로슈거 라임 업소용 355ml 24캔,15900,0.0
코카콜라 코카콜라 업소용 355ml x 48캔 음료수,37890,0.0
코카콜라 콜라제로 300ml,7780,
코카콜라 제로 250ml,4190,
코카콜라 콜라 250ml,4850,
롯데칠성음료 펩시제로슈거 제로슈가 라임향 190ml,11600,
일화 탑씨 콜라 1.5L,4860,
일화 부르르 제로 콜라 250ml,11250,
롯데칠성음료 펩시 355ml,3850,
코카콜라 업소용 1.25L,1210,
일화 맥콜 제로 250ml,2790,
코카콜라 제로 레전드 355ml,7900,
코카콜라 제로 215ml,3410,
일화 맥콜 제로 1.5L,15230,
코카콜라 콜라 215ml,2450,
355ml x 12입 코카콜라 병콜라 병음료 식당 음료수 업소용 공병,21900,0.0
일화 맥콜 제로 250ml X 30캔,17900,0.0
일화 부르르 제로콜라 체리 250ml,16600,
코카콜라 코크제로 355ml 24캔 뚱캔 캔 음료,13000,5000.0
롯데칠성음료 펩시 1.5L,7350,
코카콜라 190ml 245ml 355ml 500ml 1.25L 업소용 각각2개씩 최근생산,11800,0.0
코카콜라 코카콜라 업소용 슬릭 245ml x 30캔,14360,3000.0
코카콜라 업소용 500ml-12pet,12300,0.0
롯데칠성음료 펩시제로슈거 제로 슈거 라임향 250ml,790,
롯데칠성음료 펩시콜라 245ml,3240,
뚱캔 음료수 코카 콜라 펩시 제로 슈거 355ml 업소용 12캔 총 24캔 캔음료 도매,19200,0.0
코카콜라 355mlx24캔 음료수/캔음료/사이다/뚱캔,16900,0.0
롯데칠성 펩시제로 라임 콜라 500ml x 1개,660,3000.0
코카콜라 215ml x 30캔,15500,3500.0
코카콜라 제로 250ml,19700,
코카콜라 코카콜라 업소용 슬릭 245ml x 60캔 (30캔x2박스),30130,3000.0
코카콜라 제로 190ml 250ml 355ml 500ml 1.25L 15입 3개씩 음료수,17900,0.0
롯데칠성 펩시콜라 1.25L 12페트 (업소용)/무배,14120,0.0
일화 부르르 제로 콜라 1.5L,14750,
롯데칠성음료 펩시 210ml,4780,
탄산음료수 뚱캔 코카콜라 355ml 24캔,17090,3000.0
펩시제로 콜라 라임 500ml x 20개,13000,3500.0
펩시제로 슈거 라임 뚱캔 355ml 24개 제로 펩시 콜라 탄산음료,12900,4000.0
펩시제로 콜라 라임 1.25L 12입 업소용 탄산 음료수,16800,0.0
코카콜라 코카콜라 제로 업소용 1.25L x 12PET,17860,0.0
펩시 제로슈거 슈가 라임 콜라 355ml x 12캔 24캔,12980,0.0
뚱캔 캔음료 음료수 코카콜라 제로 레몬 355ml 12캔 세트 각4개씩 업소용 특수채널용,15900,0.0
코카콜라 245ml 15캔+칠성사이다 245ml 15캔 업소용 음료수,17900,0.0
펩시제로라임 콜라 210ml 30개 한박스,11500,3500.0
일화 맥콜 1.5L,6500,
코카콜라제로 1.5LX2,4580,3000.0
코카콜라 캔 215MLx30,20990,3000.0
코카콜라 제로콜라 190ML 30캔,11900,5000.0
뚱캔 캔음료 음료수 코카콜라 펩시제로 칠성사이다 환타파인 355ml 24캔 세트 각6개씩,19900,0.0
코카콜라 355ml x 24입 뚱캔 캔음료 탄산 음료수 업소용 특수채널용,20900,0.0
펩시콜라 업소용190ml 245ml 355ml 500ml 1.25L 15입 3개씩 음료수,14900,0.0
코카콜라 업소 500ml,5200,
[직영] 펩시제로슈거 무라벨 망고향 300ml 20펫,9900,0.0
코카콜라 제로 레몬 1.5L,17500,
코카콜라 1.8L,1990,3000.0
코카콜라 제로 500ml 24개,17230,3000.0
코카콜라 500ml 12펫+스프라이트 500ml 12펫 업소용 24펫 한박스 음료수,19900,0.0
펩시콜라 라임 칼로리 제로슈거 에코 무라벨 페트 300ml 20개,13200,3000.0
캔음료수 작은캔 미니캔 서편제 망고 175mlx30 외 42종 캔음료 도매 업소용,7400,2800.0
음료수 코카콜라 제로 펩시 190ml 각15캔 총30캔 업소용 캔음료 도매 미니캔,13700,3000.0
코카콜라 업소용 500ml x 24PET,17670,3000.0
롯데칠성음료 펩시제로슈거 망고향 500ml,1070,
[핫딜] 코카콜라 500ml x 24개 업소용,19500,3000.0
일화 팔일오 815 콜라 제로 250ml,9380,
일화 부르르 제로콜라 카페인프리 250ml,13400,
일화 맥콜 500ml,3800,
코카콜라 제로 페트  1.5L  12개,17760,10000.0
롯데칠성음료 펩시콜라 업소용 1.25L,12500,
뚱캔 캔음료 음료수 제로 코카콜라 칠성사이다 펩시 환타파인 355ml 12캔 각3개씩,13900,0.0
[정상가26000][본사직영] 코카콜라 300ml 24입,18720,0.0
[사은품] 코크제로 300mlPET 24입 + 리유저블백,19160,0.0
음료수 코카콜라 펩시콜라 칠성사이다190ml 30캔 캔음료,15900,0.0
일화 부르르 제로콜라 카페인프리 350ml,13840,
(환불보장) 코카콜라 제로 탄산음료 190ml 30캔,11400,5000.0
탄산음료 코카콜라 콜라 500ml 24개,16890,3000.0
펩시콜라 업소용 1.25리터 x 12pet,14900,0.0
일화 부르르 제로 콜라 350ml,12910,
코카콜라 닥터페퍼 500ml,4750,
코카콜라 업소용 190ml 245ml 355ml 500ml 1.5L 15입 3개씩 음료수,17900,0.0
[코카콜라 제로 355ml] 뚱캔 업소용 제로 노슈가 빠른배송 340 345 350 335  15개  1box 355ml,16050,0.0
코카콜라 코카콜라 업소용 슬릭 245ml x 30캔,17260,0.0
코카콜라제로 355ml 24입(오너먼트 제공),21800,5000.0
노브랜드 콜라1.5L,980,3000.0
일화 맥콜 제로 1.5L X 12pet,19500,0.0
코카콜라 제로 레몬 500ml,3850,
"코크제로, 190ml, 60개",32980,0.0
355ml x 3입 코카콜라 병콜라 식당 음료수 업소용 공병,5400,3000.0
코카콜라 콜라 1.8L,17970,
코카콜라 콜라 185ml,16340,
펩시제로 라임 콜라 500ml 20페트,16900,3000.0
롯데 펩시콜라 (1.25L x 12펫),10960,3000.0
코카콜라 제로 카페인 제로 250ml 30개,24700,3000.0
코카콜라 콜라 1.25L,15500,
펩시 제로 슈거 라임향  500ml  20개,19910,0.0
"코크제로, 190ml, 30개",16870,0.0
롯데 펩시제로콜라 라임 210ml x 30캔 제로콜라,11000,5000.0
펩시콜라 제로 라임 355ml 24개 제로콜라,14600,3000.0
도매 미니 캔음료 코카콜라 칠성사이다 환타 망고 레쓰비 6캔씩 30캔 업소용 음료수,16900,0.0
롯데칠성음료 펩시 600ml,5940,
코카콜라 제로콜라 드림월드 에디션 355ml,24500,
Inca Kola The Golden 더 골드 잉카 콜라 12oz(355ml) 6캔  1개  355ml,14720,15000.0
롯데칠성 펩시콜라 245mlx30캔 (업소용)///,11930,2500.0
코카콜라 무라벨 370ml8입+접시기획,9980,3000.0
인테이크 슈가로로 클리어 콜라 350ml,7770,
펩시제로슈거 라임 355ml 24캔,14900,3000.0
미니 캔음료 코카콜라 칠성사이다 매실 레쓰비 조지아 175 190ml 6캔씩30캔 음료수,16900,0.0
코카콜라 355ml,580,3000.0
미니 캔음료 업소용 음료수 코카콜라 제로 나랑드 조지아 펩시 190ml 각5개씩 20캔,8900,3000.0
롯데칠성음료 펩시 250ml,3600,
[직영] 펩시제로슈거 무라벨 망고향 300ml 40펫,15900,0.0
코카콜라 제로 190ml,11100,3000.0
코카콜라 미니 탄산 캔 음료 도매 음료수 종류 외 74종,19700,0.0
PePsi CoLA 펩시콜라 (업소용) 500ml x 20펫,11900,3000.0
코카콜라 190ml x 30개,14410,3500.0
비건콜라 제로 250ml,21080,
펩시 콜라 제로슈거 라임 355ml,380,3000.0
코카콜라 190ml [30캔]음료수/맥콜/펩시,8720,3500.0
[코카-콜라]코카콜라 355ml x 1개/탄산음료/업소용,700,3000.0
펩시 콜라 제로슈거 라임 250ml x 30캔,21900,0.0
일화 맥콜 1.25L,13680,
일화 맥콜 355ml,3800,
홈플러스시그니처 콜라 1.5L,1000,3000.0
코카콜라 코카콜라1.8Lx8개,21760,0.0
웅진식품 웅진 815 콜라 1.5L,9910,
펩시제로 콜라 라임 500ml 20페트 업소용,13000,3500.0
롯데칠성 (본사직영) 펩시콜라 제로 망고 355ml 24캔,11890,0.0
코카콜라 190ml,380,3000.0
일화 맥콜 190ml  30개,7150,5000.0
잉카콜라 페루 골든콜라 뚱캔 355ml 6캔,29900,19900.0
[칠성몰] [펩시콜라] 제로슈거 355ml(24캔),20200,3000.0
[코카-콜라]코카콜라 500ml x 1개/업소용/최근생산,770,3000.0
펩시콜라 펩시콜라 500ml x 20페트,13860,0.0
[정상가24500][본사직영] 코카콜라 제로 355ml 24CAN,18640,0.0
펩시제로라임 제로 콜라 500 355 블랙 1.5 캔 펩시 망고,11990,0.0
코카콜라 245ml 업소용,500,3300.0
일화 맥콜 190ml X 90캔,33900,0.0
펩시콜라 펩시콜라 500mlx20펫 (업소용)/무배,14030,0.0
[코카-콜라]코카콜라 1.25L x 1개,1350,3000.0
[중앙몰] 펩시콜라 355ml 24캔 뚱캔 탄산 음료수 캔음료 업소용,16900,0.0
콜라이트 제로콜라 355ml 4종 혼합 (24캔) 오리지널 라임터치 피치버블 그레이프팝,15500,0.0
코카콜라 300ml 24개 PET 페트 한박스,16900,3000.0
롯데칠성음료 펩시콜라 1.8L,11420,
잉카 골든 콜라 355ml 총6캔,19900,10000.0
펩시콜라 제로 슈거라임 210ml x 30개 1박스 탄산음료,9450,5000.0
미니 캔음료 30개 캔 음료수 펩시 업소용 사무실,11400,3000.0
펩시 500ml 20pet 업소용,14300,0.0
캔음료 코카콜라 음료수 맥콜 펩시 190ml각10개30캔,15900,0.0
코카콜라 레몬 제로 355ml 24개 탄산음료 외 4종,16400,3500.0
코카콜라 오너먼트 패키지 300ml X 8입 오너먼트 랜덤 1종,12740,3000.0
코카콜라 업소용  1.25L  12개,11000,8000.0
코카콜라 제로 215ml x 30캔 탄산음료,17900,3000.0
코카콜라 업소용 245ml 슬릭 24입,16300,0.0
펩시콜라 제로 190ml 245ml 355ml 500ml 1.25L 업소용 각2개,11400,0.0
업소용/코카콜라 500ml x 1개/제일 저렴한 콜라,600,3000.0
코카콜라 콜라 250ml 30개,22490,3000.0
코카콜라 제로 1.5L 12페트,23900,3500.0
코카콜라 제로 카페인 제로 250ml 30개,27600,0.0
펩시콜라 제로 355ml x 24캔 뚱캔 팹시,18900,0.0
캔음료 제로콜라 음료수 펩시 맥콜 190ml각10개30캔,15900,0.0
코카콜라 1.8L 2입 기획,5980,3000.0
펩시제로 슈거 라임향 제로콜라 250ml 355ml 500ml 1.5L 8입 각2개씩,13900,0.0
펩시제로 라임 콜라 210ml 미니 뚱캔 30캔,10200,5000.0
코카콜라 (본사직영) 코카콜라 라벨프리370ml 24입,20670,0.0
오케이에프 PEACOCK 토닉 워터 250ml,3680,
[본사직영] 코카콜라 300ml 24입 + 달력,19520,0.0
코카콜라 190ml 30캔 60캔_MC,20300,0.0
일화 웅진식품 815 콜라 제로 250ml,12580,
도매 미니캔 음료수 제로 코카콜라 펩시 칠성사이다190ml 각15캔30캔 캔음료 업소용,17900,0.0
코카콜라 190ml X 60캔,23500,11000.0
롯데칠성음료 펩시 콜라 210ml,17270,
블랑제리뵈르 버터콜라 트리플지플러스 350ml 24캔,24000,3000.0
펩시콜라 제로슈거 라임향 355ml 1캔 [1박스 24개],390,3000.0
코카콜라 190ml 30캔 탄산음료,11200,6000.0
웅진식품 웅진 815 콜라 250ml,13880,
노브랜드 캔콜라 제로 355ml6,2880,3000.0
코카콜라 콜라 190ml,370,3000.0
[정상가26000][본사직영] 코카콜라제로 300ml 24입,18720,0.0
코카콜라 355ml 업소용 24캔 뚱캔,22200,0.0
[핫딜] 코카콜라 제로 500ml x 24개 업소용 제로콜라,19500,3000.0
코카콜라제로1.5Lx12개,27110,0.0
코카콜라 라이트 250ml 30입,23550,0.0
페루 잉카콜라 2리터,57170,0.0
롯데칠성음료 펩시제로슈거 제로 슈거 라임 1.25L 12개[업소용],13150,3000.0
콜라 190ml 코카콜라 1캔 미니 캔음료 도매 음료수,700,2500.0
코카콜라 2L 대용량,2980,3000.0
코카콜라 제로 190ml 355ml 500ml 업소용1.25L 각1개씩 총4개,8980,0.0
12입 병콜라 병사이다 코카콜라 식당음료수 업소용음료수 막스몰,18400,0.0
업소용/코카콜라 1.25L x 1개,1370,3000.0
[한정판][정상가26000][본사직영] 코카콜라제로 300ml 24입 + 리유저블백,19520,0.0
[코카-콜라]코카콜라 245ml x 60개/무료배송/업소용,36500,0.0
일화 맥콜 190ml X 30캔,13900,0.0
코카콜라 350mlX10입,8980,3000.0
롯데칠성음료 제로 슈거  210ml,20000,
펩시 콜라 제로 망고 355ml x 24캔,13200,0.0
코카콜라 코카콜라 2L x 8페트 대용량///,22680,2500.0
인테이크 슈가로로 무설탕 무색소 투명 클리어 콜라 제로 콜라 350ml,19900,0.0
펩시콜라 펩시콜라 1.25L 12페트 (업소용)/무배,14120,0.0
"[미국내수용] 코카콜라 오리지날, 제로슈가, 바닐라, 체리 12온즈 12캔 1박스",26320,4900.0
코카콜라 미니 탄산 캔 음료 도매 음료수 종류 외 74종,9800,0.0
코카콜라 제로 레전드 355ml x 24캔,15600,3500.0
일화 홈플러스시그니처 제로콜라 350ml,2990,
코카콜라제로 코카콜라제로 300ml 24개 + 리유저블백 증정,19480,0.0
롯데칠성 펩시콜라 업소용 1.25L X 12펫,14200,0.0
[본사발주] 코카-콜라 페트 300ml x 24개,18980,3000.0
코카콜라 제로 오리지날 코카콜라 제로 레몬 500ml 24개 pet,18100,3500.0
코카콜라 코카콜라 코카콜라 무라벨 370PET 24입,20980,0.0
[칠성몰] [펩시콜라] 제로슈거 라임향 300ml(20페트),13400,3000.0
코카콜라 215ml 12입,7780,3000.0
펩시제로망고 500ml 20개 펩시콜라제로,22500,3000.0
펩시제로 슈거라임 210ml x 30캔 1박스 미니캔,9490,5000.0
펩시콜라 오리지널 12캔 제로슈거 라임 12캔 355ml 24캔 업소용 탄산 음료수 뚱캔,17400,0.0
펩시 제로슈거라임 355ml x 48캔 업소용,32990,0.0
노브랜드 캔콜라355ml6,2880,3000.0
펩시 제로슈거 라임향 210ml10,4980,3000.0
코카콜라 제로 355ml,600,3000.0
코카콜라 캔  185ml  30개,10590,6400.0
일화 홈플러스시그니처 콜라 350ml,2940,
코카콜라 제로 1.5L 12페트,26000,3000.0
코카콜라 캔 업소용  245ml  24개,4830,10000.0
코카콜라 콜라 2L,21000,
코카콜라 500ml,760,3000.0
코카콜라 355ml/펩시콜라/사이다/밀키스/음료수,17000,0.0
코카콜라 오리지널 12캔 제로 12캔 355ml 24캔 탄산 음료수,21500,0.0
코카콜라 제로 245mlx30캔(업소용),17700,2500.0
펩시제로 라임 355ml 24캔 업소용 뚱캔 미니 콜라,13500,3500.0
펩시 제로 라임 콜라 355ml,440,3000.0
제로콜라190ml,370,3000.0
스프라이트 355ml 뚱캔 24입,14200,3000.0
[본사직영] 코크제로 무라벨 370ml PET X 24입  24개,12500,10000.0
코카콜라제로1.5Lx12개,27600,0.0
코카콜라 245ML 30캔,15400,4000.0
롯데칠성 펩시콜라(업소용)  1.25L  12개,4300,10000.0
코카콜라 캔 업소용  245ml  60개,24940,10000.0
코카콜라 제로 1.5L,2060,4000.0
[홈플러스]홈플러스 시그니처 제로콜라 1.5L,980,3000.0
펩시 콜라 제로 망고 무라벨 300ml x 40개,16300,0.0
코카콜라제로 215ml12,7780,3000.0
탄츠 오리지널 크래프트 콜라 원액 수제 콜라 1000ml (국산),30000,3000.0
코카콜라 300ml 24개 + 증정(코-크 크리스마스 오너먼트 1개),24100,3000.0
코카콜라 300ml12PET,9980,3000.0
노브랜드 제로콜라 1L,980,3000.0
펩시콜라 업소용 245ml x 30캔,13900,3000.0
코카콜라 캔음료 음료수 190ml x 30캔,17800,3000.0
코카콜라 제로 190ml x 30캔 제로콜라 미니캔 소캔 본사발주 최신제조 안전배송,13900,3000.0
코카콜라 제로 레몬 355ml 24캔,14960,3500.0
(본사직영) 코크제로 250ml캔 30입,24340,0.0
코카콜라 페트  1.8L  8개,15070,8000.0
바닐라 코크 355ml 12캔 코카콜라 Coca-Cola Vanilla 12 fl oz Pack  바닐라맛 12캔  12개,11400,15000.0
롯데칠성 펩시콜라 제로슈거 500ML,1590,3000.0
펩시제로 라임향 뚱캔 355ml x 24캔,12210,3500.0
일화 부르르 제로콜라 + 사이다 250ml X 각30캔 (총 60캔),26800,0.0
펩시 팹시 콜라 제로 슈거 라임 210ml 30캔,16900,0.0
[뚱캔] 코카콜라 제로 펩시 제로콜라 맥콜 355 업소용 선택 옵션,14610,0.0
코카콜라 캔  190ml  60개,35900,0.0
코카콜라 190ml 245ml 355ml 500ml 1.25L 각 2개씩 총10개 업소용,13900,0.0
코카콜라 무라벨 370ml8입+접시기획,9980,3000.0
코카콜라 오너먼트 패키지 300ml X 8입 오너먼트 랜덤 1종,13470,3000.0
펩시콜라 제로 슈거라임 210ml 탄산음료 제로콜라 음료수,480,3000.0
코카콜라 뉴진스 패키지 (350ML*12입),14500,3000.0
맥콜 250ml x 30캔,13800,3000.0
355ml x 6입 코카콜라 병콜라 병음료 식당 음료수 업소용 공병,13400,0.0
코카콜라제로 215MLx6,5990,3000.0
코카콜라 업소용  500ml  24개,10290,10000.0
코카콜라 제로 펩시 355ml 각 24캔 총 48캔 뚱캔 캔음료 탄산 음료수,35600,0.0
코카콜라 1.8L + 환타오렌지 1.8L 기획,4980,3000.0
코카콜라 제로 레몬 355ml 24캔,18500,0.0
코카콜라 355ml 뚱캔 24캔 한박스,20890,0.0
코카콜라 오리지날 콜라 190ml x 60캔,20800,10000.0
펩시콜라210캔10,4980,3000.0
일화 제로 콜라 350ml,21760,
썬키스트 머스캣 175ml 1캔 미니 캔음료 도매 음료수,380,2500.0
미국 코카콜라 미니병 유리병 장식용 소품용 소장용 크리스마스 선물용 236ml 6병,53700,0.0
펩시콜라 245mlx30캔(업소용),12990,3000.0
펩시 제로 블랙 1.5L 12페트 PET,19500,3500.0
코카콜라 190ml 245ml 355ml 500ml 1.25L 업소용 각2개 뚱캔,12200,0.0
일화 일화 탑씨콜라 1.5L x 12pet 1박스 탄산음료,12900,0.0
코카콜라 제로 업소용  1.25L  12개,9350,10000.0
코카콜라 다이어트 콜라 12oz 35캔,47990,0.0
코카콜라 1.25L 업소용 PET 12입,16900,3000.0
코카콜라 제로 코카콜라제로 300ml 24개 + 리유저블백 증정,19040,0.0
코카콜라 500ml-24입 업소용 탄산음료,10500,10000.0
코카콜라 190ml 60캔,33300,0.0
코카콜라 체리 코크 미국당일발송,15900,12900.0
코카콜라 1.25L,16700,
코카콜라 제로 190ml 30캔 탄산음료 외 12종,10300,6000.0
롯데칠성 펩시콜라 1.25L,2690,3000.0
코카콜라 코카콜라 업소용 355ml x 24캔 음료수,17560,3000.0
[세트] 30입 한모금 종합 음료 세트 미니 캔 음료수 탄산 과즙 콜라 사이다,19900,0.0
맥콜 맥콜 190ml소캔  30can  3 총 90캔,28480,0.0
코카콜라 500ml PET 1개 (1BOX 24개단위 주문요망) 48063,680,4000.0
코카콜라 체리 코크 355ml 12캔,27900,10000.0
코카콜라 제로 190ml,400,3000.0
팔일오 콜라 1.5L 12개 외 3종,16780,0.0
INCA KOLA Golden 잉카 골든 콜라 2L,28900,0.0
롯데칠성음료 탐스 제로 무라벨 사과키위향 340ml,16020,
업소용/코카콜라 펩시콜라 칠성사이다 스프라이트 환타 제로 500ml 1.25L 최근생산,13000,3000.0
코카콜라 코크제로 300ml x 24개입 PET (1박스),15990,4000.0
일화 맥콜 190ml x 30캔 / 캔음료 탄산음료,12300,3000.0
롯데 펩시제로콜라 라임 300ml x 20페트 제로콜라,10600,5000.0
홈플러스시그니처 제로콜라 1.5L,1000,3000.0
코카콜라 제로콜라 맥콜 펩시 제로 190ml 각6캔 총30캔,17700,0.0
코카콜라 제로 레몬 1.5L,2360,3000.0
롯데칠성 펩시콜라 1.25L 12페트,11590,2500.0
코카콜라 페트  500ml  24개,10280,10000.0
롯데칠성음료 펩시 제로 슈거 라임향 245ml,18790,
코카콜라 캔  355ml  48개,30500,10000.0
펩시제로 라임 245ml 24캔 제로콜라,21000,0.0
롯데칠성음료 펩시제로슈거 라임향 355ml,550,3000.0
코카콜라 무라벨 370ml 24페트 PET,18500,3500.0
펩시콜라 업소용 500ml X 20펫,14950,0.0
코카콜라 캔 업소용  245ml  30개,7650,10000.0
[본사직영] 코카콜라 250ml 30CAN,25680,0.0
일화 유어스 배트맨 콜라 350ml,14330,
노티드 X 몬다리즈 프리미엄 제로 콜라,2500,3000.0
유어스 춘식이 콜라 제로 350ml,9760,
펩시콜라 업소용 1.25L X 12펫,15500,0.0
코카콜라 제로 업소용 1.25L x 12PET,19000,0.0
코카콜라 콜라 300ml PET 미니 페트병 24개,16900,3000.0
코카콜라 제로 1.5L X 12개,24500,3000.0
펩시콜라 190ml X 30캔,12520,0.0
코카콜라 콜라 215ml x 30개,21980,0.0
펩시콜라 업소용 355ml x 24can,16100,0.0
상일 콜라 제로 라임터치 355ml,14900,
롯데칠성음료 펩시제로슈거 무라벨 망고향 300ml,9900,
코카콜라 코카콜라제로 355ml 24입(오너먼트 제공),21800,5000.0
코카콜라 제로 레몬 코크제로 355ml 24개,17500,3500.0
홈플러스시그니처 콜라 1.5L,1000,3000.0
본사직영  롯데 펩시콜라 제로 355ml x 24캔,17270,0.0
펩시콜라 제로슈거 라임 ECO 무라벨 300ml 20개,11000,5000.0
코카콜라 코카콜라 업소용 1.25L x 12개,9310,9000.0
코카콜라 업소용  500ml  20개,8130,10000.0
롯데칠성 펩시콜라 1.25리터 x 12페트,14320,0.0
잉카콜라 페루 잉카콜라 탄산 소다 355ml 24개입,137790,0.0
코카콜라제로 300ML12,13000,3000.0
펩시콜라 제로슈거 1.5L 12펫,24500,0.0
펩시콜라 500mlx20펫 (업소용),11610,2500.0
펩시콜라 제로 라임 190ml 30캔 외 펩시15종,16200,0.0
코카콜라 제로콜라 355ML x 24캔,16990,3000.0
에스쿠도 크래프트 콜라 원액 수제콜라 250ml,17000,3000.0
코카콜라 페트  2L  8개,25100,2500.0
칠성사이다 레트로 300mlx10입(더 리미티드),6980,3000.0
1입 낱개 코카콜라 355ml 외 80종 뚱캔 캔음료 탄산 음료수,990,3000.0
코카콜라 바닐라 맛 제로슈가 330ml,3200,10000.0
펩시제로라임500 팹시제로 코크 20개,12500,6000.0
코카콜라 콜라 1.5L,34900,
펩시제로슈거 라임향 355ml 24캔,14800,3000.0
코카콜라 업소용 245ml 30캔,17300,3000.0
잉카 골든 콜라 355ml 총6캔,19900,10000.0
일화 일화 부르르 제로콜라 체리 250ml X 30캔 제로칼로리 체리콕,16900,0.0
코카콜라 제로 캔  355ml  24개,10770,8700.0
건강한사람들 노브랜드 콜라 1.5L,14960,
코카콜라 2L x 8병 대용량 1박스 최근생산,26800,3000.0
펩시콜라 190mlx30캔,12780,2500.0
펩시콜라 제로 라임 500ml 20개 업소용 탄산음료 제로콜라 음료수,14900,3000.0
코카콜라 355ml x 48캔 업소용 탄산 캔음료,36960,3500.0
펩시콜라 제로라임 500ml 업소용 탄산음료,670,3000.0
롯데칠성음료 펩시 펩시콜라 340ml,11400,
멕시코 코카콜라 오리지널 병콜라 16.9oz 24병 멕시코콜라,119000,30000.0
펩시 콜라 제로슈가 라임향  210ml  90개,38170,0.0
캐나다드라이 진저에일 250ml6,3900,3000.0
코카콜라 페트  500ml  20개,11170,7000.0
[1박스30개]코카콜라 콜라 190ml 1개,440,3000.0
코카콜라제로 300PET 24입,18730,0.0
코카콜라 코카콜라 190캔 30입,15350,0.0
펩시콜라 펩시콜라 190mlx30캔,12870,0.0
코카콜라 펩시제로라임 제로콜라 업소용,800,3000.0
[코카콜라] 코카콜라 500ml,1980,3000.0
롯데칠성 펩시 콜라 190ml x 90캔,34700,0.0
코카콜라 제로 355mlX12 + 타투스티커 뉴진스 기획팩,13900,3000.0
펩시 제로슈거1.5펫2입,3980,3000.0
음료수 코카콜라 1.5Lx2개,11500,0.0
스프라이트 제로 1L,980,3000.0
환타 제로 파인 + 제로 포도 1.5L,1980,3000.0
펩시 콜라 제로 라임 500ml 20개,13800,3000.0
맥콜 제로 250ml 30캔 박스 보리 콜라,12190,3500.0
[본사직영] 코카콜라 300ml 24입 + 달력,19520,0.0
상일 콜라 제로 오리지널 355ml,15680,
코카콜라 제로 355ml 24캔 뚱캔,20500,0.0
[피코크] 진저 에일 탄산 음료 250ml 6입,3680,3000.0
코카콜라 제로 레몬 500ml,780,3500.0
코카콜라 500ml x 24페트 업소용,19000,3000.0
롯데칠성음료 펩시 제로 라임향 210ml x 60캔,22400,3500.0
코카콜라 코카콜라 제로 업소용 1.25L x 12PET,15060,3000.0
코카콜라 제로 캔  355ml  48개,29140,10000.0
펩시콜라 210mlx30캔,15040,2500.0
코카콜라 1.25L,1360,3000.0
펩시 콜라  355ml  48개,27390,0.0
펩시 제로슈거 라임향 무라벨 300ml12,10880,3000.0
부르르 제로콜라  350ml  24개,19020,0.0
펩시제로 라임 콜라 500ml 20 pet 1박스,14200,3000.0
코카콜라 코카콜라 업소용 500ml x 24PET,20310,0.0
코카콜라 캔  355ml  10개,150,10000.0
코카콜라제로 코카콜라 코크제로 355CAN 24입,18880,0.0
펩시 제로 슈거 콜라 라임향 355ml 캔 500ml 페트 각6개 12입세트 제로칼로리,15900,0.0
일화 부르르 제로콜라 체리 250ML X 30캔 탄산음료,14800,5000.0
코카콜라 제로 355ml,680,3000.0
코카콜라 캔 215ML*30,20990,3000.0
코카콜라 디카페인 콜라 카페인 없는 제로슈가 무설탕 임산부콜라 355ml 12캔 탄산음료,26500,20000.0
코카콜라 제로 1.25L 1개입,1380,3000.0
코카콜라병 병 레트로 오리지널 미니 빈티지 코카콜라  본품,30200,0.0
[본사직영] 코카콜라 라이트 250ml 30CAN,24000,0.0
사무실 음료수 1.5L 탄산 음료 수 주스 모음,3400,4000.0
코카콜라 (1.8L),2980,3000.0
코카콜라 190mlx60캔,42600,0.0
펩시콜라 제로 1.5Lx6펫  6개  1.5L,7770,5000.0
탄산음료 코카콜라 업소용 245ml,450,3000.0
한정판 코카콜라 미래의 맛 AI 리미티드 에디션,30000,7000.0
[홈플러스]홈플러스 시그니처 콜라 1.5L,980,3000.0
펩시콜라 제로 210ml x 30캔,14950,0.0
코카콜라 캔  215ml  30개,20800,0.0
코카콜라 업소용 24입 500ml,21800,0.0
코카콜라 업소용 콜라 245ml 30캔 탄산 캔음료 음료수,24900,0.0
코카콜라 업소용 245ml 24입,20300,0.0
코카콜라 1.5L + 환타오렌지 1.5L,4620,3000.0
코카콜라 제로 1.5L,3150,3000.0
INCA KOLA Golden 잉카 골든 콜라 12온즈 6캔,28700,0.0
페이머스소다 콜라 330ml,23400,
코카콜라 페트  1.25L  6개,350,10000.0
[코카콜라] 코카콜라제로 355ml 24입(오너먼트 제공),23000,5000.0
[본사직영] 코카콜라제로 300ml 24입 + 달력,19520,0.0
코카콜라 (2.0L*2입),5600,3000.0
펩시 콜라  160ml  30개,31020,0.0
롯데칠성 펩시콜라 제로슈거 190MLx6,3980,3000.0
코카콜라 제로 1.5Lx2,4620,3000.0
펩시콜라 펩시 제로 망고 355ml x 24개 탄산음료,300,13000.0
홈플러스시그니처 제로콜라 1.5L,1000,3000.0
코카콜라 제로 215MLx30,20990,3000.0
코카콜라 칠성사이다 환타파인애플 업소용 뚱캔 355ml-각8입,18400,0.0
코카콜라 코카콜라 코카콜라 190CAN 60입(30x2),31760,0.0
코카콜라 1.8Lx2,5990,3000.0
코카콜라 300ml 24개 PET 음료수,17500,3000.0
코카콜라 콜라 1.5L+스프라이트 1.5L 기획팩,4620,3000.0
롯데칠성음료 펩시콜라 칠성사이다 업소용 1.25L 12페트 500ml - 롯데칠성,14190,0.0
롯데칠성 펩시 제로 콜라 500ml 페트 제로슈거 펩시콜라 20개1박스,800,3000.0
코카콜라 제로제로 250ml6입,4300,3000.0
(본사직영) 코크제로 190ml캔 30입,19600,0.0
코카콜라 1.5리터-12입,31900,3000.0
코카콜라 오리지날 250ml x 1캔,780,3000.0
음료수 미니어처 콜라 사이다 환타 음료수 병 캔 미니  콜라(병) 다스,15200,0.0
노브랜드 제로 칼로리 콜라 1L,20560,
코카콜라 350mlX12 + 타투스티커 뉴진스 기획팩,13900,3000.0
코카콜라 콜라 210ml,25000,
코카콜라 체리코크 당일발송,19900,12900.0
코카콜라 제로 355ml x 24입 뚱캔 캔음료 음료수 업소용 제로칼로리,20900,0.0
[당일발송] 코카콜라 한정판 Y3000 인공지능 맛 크리에이션 222ml 오리지널 10캔 세트,19400,14900.0
코카콜라 190ml X 30개 업소용 탄산음료 탄산 음료수 음료,16800,0.0
코카콜라 제로 코크제로 355ml 24개 + 크리스마스 트리 오너먼트,19390,0.0
콜라 190ml 245ml 355ml 캔음료수 탄산음료 미니 뚱캔,21900,3000.0
코카콜라제로 (본사직영) 코크제로 190ml CAN 60입,30190,0.0
웅진815 815 콜라 1.5L 12개 팔일오 탄산음료,16070,0.0
코카콜라 스프라이트 1L,11840,
코카콜라 제로190ml 30캔 음료수,18900,0.0
코카콜라 제로 페트  500ml  12개,1290,10000.0
코카콜라 (1.8L),2980,3000.0
코카콜라 라이트 제로 250ml (30개),22800,3000.0
코카콜라 제로 무라벨 370ml 24펫,18000,4000.0
코카콜라 페트  500ml  12개,1100,10000.0
코카콜라 1.8L,3730,3000.0
코카콜라 제로 카페인 제로 250ml  20개,21500,0.0
태어난김에 세계일주 골드 잉카콜라 페루콜라 24캔 12oz,125200,9900.0
코카콜라 제로 250ml,6480,
롯데칠성음료 펩시 펩시콜라 245ml 30개,10720,3500.0
노브랜드 스파클링 오렌지망고 1L,980,3000.0
코카콜라 업소용  1.25L  6개,2500,10000.0
[본사직영] 코카콜라 350ml 24캔,22400,0.0
코카콜라 크리스마스 PET 기획 300ml x 8,9900,3000.0
코카콜라 1.8L,3730,3000.0
롯데칠성 펩시콜라 제로슈거 (245ML*8캔),4680,3000.0
[Express] 홈플러스시그니처 제로콜라 1.5L,1000,3000.0
코카콜라 250ml 30캔,29610,0.0
롯데 펩시제로슈거 라임향 500ml 1개 업소용,750,3000.0
코카콜라 190ml x 60개,23500,10000.0
롯데칠성 펩시콜라 1.25L,2690,3000.0
롯데칠성 펩시콜라 제로슈거 500ML,1590,3000.0
코카콜라 업소용 245ml 24캔,13300,3000.0
[트레비] 라임 300ml20입,8780,3000.0
코카콜라 190ml 30캔,11500,5000.0
롯데칠성 펩시콜라 제로슈거 (1.5L),2580,3000.0
롯데칠성 펩시콜라 제로슈거 190ML*6,3980,3000.0
코카콜라 (500ML),1980,3000.0
펩시콜라 1.25L 12펫트 페트음료 음료수 도매,14800,3000.0
코카콜라 제로 190ml,440,3000.0
뚱캔 업소용 갈아만든배 칠성사이다 코카콜라 펩시 355ml 각 6캔씩 24캔 도매 캔음료,18700,0.0
일화 맥콜 제로 250ml 30개,13300,5000.0
코카콜라 제로 250ml x 30캔 / 500ml / 1.5L,26700,3000.0
코카콜라 제로 레몬 355ml 24개,15700,3500.0
코카콜라 제로 190ml x 30캔 60캔,36300,3000.0
롯데칠성 펩시콜라 1.8L,2980,3000.0
코카콜라 (2.0L*2입),5600,3000.0
코카콜라 제로 190ml 30캔,14600,3000.0
펩시콜라 (1.8L),2980,3000.0
콜라이트 제로콜라 355ml 4종 혼합 (8캔),9900,0.0
칠성 사이다300펫12입,12480,3000.0
펩시콜라 (355ML),1600,3000.0
인테이크 슈가로로 클리어 콜라 350ml,8500,
펩시콜라 제로 355ml x 12캔 뚱캔 팹시,8300,3000.0
(무료배송) 펩시콜라 제로 슈거라임 210ml x 60캔 외 수량별,29400,0.0
코스트코 코카콜라 제로 300ML X 24팩,24780,4000.0
롯데칠성 펩시콜라 제로슈거 (245ML*8캔),4680,3000.0
"코크제로, 250ml, 30개",25340,0.0
코카콜라제로 215ML*6,5990,3000.0
코카콜라 캔 업소용  245ml  20개,2820,10000.0
[펩시] 콜라 (1.8L2입),4580,3000.0
펩시콜라 190ml 30캔 미니 캔음료 음료수 탄산,17900,0.0
코카콜라 멕시코 355ml 8병,54000,10000.0
코카콜라제로 500mlX24개 제로콜라 라이트콜라,35980,3000.0
코카콜라 250ml x 30캔 1박스/무료배송,27500,0.0
[정상가26000][본사직영] 코카콜라 300ml 24입,18720,0.0
펩시콜라 245ml x 30can 업소용,14900,0.0
코카콜라 190ml X 30캔 코크 오리지날,16100,0.0
일본 코카콜라 유리병타입 리터너블 190ml,4100,10000.0
[트레비] 레몬 300ml20,8780,3000.0
일화 맥콜 + 천연사이다 190ml X 각30캔,20900,0.0
코카콜라 제로 (1.5L*2),3980,3000.0
[홈플러스]롯데칠성 펩시콜라 1.25L,2640,3000.0
펩시제로 라임 355 ml 24캔 뚱캔,16750,0.0
일화 맥콜 350ml X 48캔 비건 인증 음료,26900,0.0
노브랜드 스파클링워터 레몬 500ml,580,3000.0
뚱캔 업소용 코카콜라 칠성사이다 환타 파인애플 355ml 24캔 탄산 과즙 음료수,20400,0.0
펩시콜라 245mlx30캔 (업소용)///,12050,2500.0
[홈플러스]코카콜라제로 1.5L,3090,3000.0
코카콜라 300ml 24개 코스트코 미니 콜라 탄산 업소용 음료 음료수 코스트코,17840,5000.0
펩시 콜라 1.25L 3개 + 사이다 1.25L 3개 세트 업소용  6개,1900,8000.0
펩시 콜라 제로슈가 라임향  355ml  24개,12120,5000.0
코카콜라 캔 250ML*6,6990,3000.0
코카콜라 제로 1.5L,1850,3000.0
롯데칠성 펩시제로 1.5Lx2,4990,3000.0
코카콜라500ml 24펫 업소용,19000,3500.0
펩시콜라 (245ML*8입),4680,3000.0
코카콜라 제로 (캔) (215ML*6입),3950,3000.0
코카콜라 제로 (캔) (215ML*6입),3950,3000.0
코카콜라 제로 190ml 10캔 20캔 30캔 탄산음료 캔음료 소캔,8200,0.0
코카콜라 1.8L*2,5990,3000.0
노브랜드 스파클링에이드 백포도 1L,980,3000.0
코카콜라 코카콜라 190ml x 30캔 탄산음료,16720,0.0
코카콜라 제로콜라 355ml 24캔 뚱캔 캔 음료,13500,5000.0
펩시콜라 제로 라임 355ml 24캔 업소용 뚱캔,13900,3500.0
[피코크] 토닉 워터 탄산 음료 250ml 6입,3680,3000.0
코카콜라 제로 190ml 1개,430,3000.0
코카콜라 제로 355ml 24캔 한박스,15690,3500.0
롯데칠성음료 펩시콜라 제로 355ml,610,3300.0
코카콜라 제로 300ml x 24병 코크제로,15900,3500.0
제로 슈가 300ml 24입  24개,10200,9300.0
코카 콜라 제로 190ml x 30개,12900,5000.0
롯데칠성음료 펩시콜라 190ml,320,3000.0
코카콜라 콜라 500ml 24개입 (1박스),10000,12000.0
코카콜라 355ml 245ml 특수경로용 뚱캔 콜라캔 탄산음료수,19300,3000.0
펩시콜라 펩시콜라 245mlx30캔 (무바코드),14200,0.0
롯데 펩시콜라 190m X 30캔,14000,0.0
롯데칠성 펩시콜라 245ml 72캔 스터비,34500,0.0
코카콜라 칠성사이다 190ml 30캔,16900,0.0
일화 맥콜 190mlx30캔 무료배송,11120,0.0
잉카 콜라 Diet Soda 페루 국민 청량 음료 355ml 16캔,98400,0.0
펩시제로190 팹시제로 코크 30캔 음료수,11400,6000.0
코카콜라 캔  190ml  20개,3350,10000.0
펩시콜라 (1.25L),1480,3000.0
상일 콜라이트 피치버블 355ml,15500,
펩시콜라 1.25L,11300,0.0
코카콜라 콜라 190ml,450,3000.0
코카콜라제로 1.5LX2,4580,3000.0
펩시콜라 제로 190mlx30캔,14300,2500.0
팔도 밥알없는 식혜 175ML X 30 CAN 미니캔음료,7800,3000.0
펩시제로 라임 콜라 355ml 뚱캔 미니 24캔,11900,5000.0
(환불보장) 코카콜라 제로 탄산음료 355ml 24캔,13900,5100.0
코카콜라 캔  330ml  24개,12850,10000.0
상일 콜라이트 그레이프팝 355ml,20900,
코카콜라 코카콜라 190ml x 90 CAN,65900,0.0
[60개] 코카콜라 캔 190ml 미니캔,35800,0.0
이요시 크래프트 콜라 일본수제콜라 200ml 2병,30000,0.0
코크제로 무라벨 190ml 300ml 355ml 370ml,9500,3000.0
[제트스카이]펩시 제로 콜라 355ml 24캔  24개,12300,6500.0
코카콜라 제로 215ML*30,20990,3000.0
코카콜라 제로 500ml,630,3000.0
코카콜라 제로 190ml 60캔 안전박스 포장,23290,10000.0
(환불보장) 코카콜라 제로 탄산음료 1.25L 12패트,13700,5000.0
코카콜라 190ml 30캔 미니캔,14300,4000.0
멕시코 코카콜라 사탕수수 콜라 탄산음료 355ml 500ml,7500,10000.0
[본사직영] 코카콜라 250ml 30CAN,25680,0.0
코카콜라 라이트 250ml 30캔,27640,0.0
노슈가애디드 체리콕 제로 24개입 무설탕 제로 콜라,25200,5000.0
펩시콜라 펩시콜라 1.25리터 x 12페트,14830,0.0
음료수 185ml 30캔 미니캔 콜라 사이다 맥콜,11200,3300.0
일화 부르르 제로사이다 250ml,17380,
일본콜라 식이섬유콜라 헬스콜라 코카콜라플러스,2100,7500.0
펩시제로 라임 355ml x 24캔 뚱캔,12900,3500.0
코카콜라 190ml x 60캔,32900,0.0
코카콜라 250ml x 30캔 2박스/ 60캔/무료배송,53090,0.0
포카리스웨트,25360,0.0
코카콜라 코카콜라190mlx30캔,18840,0.0
롯데칠성 펩시콜라 제로슈거 (355ML),1600,3000.0
펩시콜라 190ml x 30can,13800,0.0
코카콜라제로+스프라이트제로 기획 (1.5L*2입),4250,3000.0
도매 미니캔 작은캔 칠성 사이다 펩시 콜라 190ml 각15캔 30캔세트 외 89종 음료수,14700,0.0
제로 체리 콜라 체리콕 355ml 24캔,20680,0.0
동아오츠카/이온음료/포카리 500ml x 20개입,23270,0.0
노브랜드캔사이다355ml6,2980,3000.0
펩시제로 라임향 뚱캔 355ml x 24캔 안전포장 캔음료수도소매,13200,4000.0
코카콜라 제로355ml x 24캔/최근상품/안전포장,21990,0.0
코카콜라 제로 190ml 30캔 코크제로,11600,5000.0
부르르 제로콜라  250ml  60개,22400,0.0
펩시 콜라  1.5L  12개,20910,0.0
코카콜라 제로 업소용 355ml -24can,10300,10000.0
콜라 15개 사이다 15개 190ml 30캔 묶음모음전,20450,0.0
사이다제로1.5펫2입,3980,3000.0
미니캔 썬키스트 175mlx30캔 머스캣,8400,3000.0
캔음료수 작은캔 미니캔 펩시 190mlx30 캔 도매 업소용,11600,2800.0
코카콜라 코카콜라 오리지널 대용량 2L x 8,25130,0.0
[코카-콜라]코카콜라 245ml x 30개/개별배송/업소용,16000,3000.0
롯데 펩시콜라 500mlx20펫(업소용),11520,2500.0
일화 맥콜 보리맛 콜라 미니 캔 190ml X 30입,12900,0.0
펩시 제로슈거 라임향 250ml6,4680,3000.0
코카콜라 코카콜라 2L x 8페트,24780,0.0
코카콜라 제로 300ml x 24개,16900,3000.0
업소용 음료수 도매 코카콜라 펩시제로 칠성사이다 355ml 각 8개 총 24개 뚱캔,21400,0.0
펩시 펩시콜라 업소용 500ml X 20펫,14570,0.0
코카콜라 350ml X6입,7300,3000.0
코카콜라 제로 제로콜라1.5 12개,23360,3000.0
태성유통 롯데칠성음료 펩시 제로 슈거 라임향 500ml,800,3500.0
[코카콜라 오리지널 무라벨]  370ml  24개,24990,0.0
코카콜라 제로 캔  250ml  30개,26120,0.0
코카콜라 300PET 24입,18900,0.0
펩시콜라 (600ML),1580,3000.0
펩시콜라 (1.25L),1480,3000.0
코카콜라 코카콜라 245mlX30캔 업소용,19900,0.0
(24개단위구매요망)코카콜라 제로 355ml x 1캔,660,3000.0
스프라이트 1L,980,3000.0
[Express] 홈플러스시그니처 콜라 1.5L,1000,3000.0
펩시 제로슈거 라임향 500ml,1580,3000.0
[100원딜] 코카콜라 제로 250ml,100,3000.0
펩시콜라 제로 210ml x 60캔 (30캔 2박스),500,26500.0
코카콜라/무료배송 190ml 245ml 355ml 500ml 1.25L/업소용,18000,0.0
코카콜라 제로 190ml 미니 캔음료 음료수 탄산 30캔 세트 각15개씩 도매 업소용,17900,0.0
펩시콜라 업소용 500ml x 20pet,14700,0.0
코카콜라 제로 업소용 245ml 30can,18200,0.0
코카콜라 제로/환타/스프라이트/미니/무배 190ml,13560,0.0
롯데칠성 펩시콜라 제로슈거 355ML,900,3000.0
[핫딜] 코카콜라 제로콜라 1.25L 12페트 업소용,18300,3000.0
코카콜라 코카콜라제로 355ml 24입(오너먼트 제공),21800,5000.0
코카콜라 500ml 업소용 페트 24입,18200,3000.0
코카콜라 캔  250ml  20개,13810,5000.0
코카콜라 1.25L 12개 업소용 탄산음료,16900,3000.0
롯데칠성 롯데 펩시 콜라 업소용 500ml x 20개(1박스),14720,0.0
코카콜라 355ml X 24캔,26410,0.0
코카콜라 코카콜라 215ml x 30캔 탄산음료,19160,0.0
펩시 제로 슈거 콜라 망고향 500ml x 20pet 펩시제로 망고 다이어트,21970,5000.0
[본사발주] 코카 - 콜라 제로 페트 300ml x 24개,18980,3000.0
일화 맥콜 190ml 30캔 2박스(총60캔),22900,0.0
펩시콜라 업소용  500ml  12개,5400,5000.0
코카콜라 제로 1.5L,3000,3000.0
코카콜라 제로 (1.5L X 2입),5200,3000.0
롯데칠성 펩시 제로 250ml 30can,20080,0.0
롯데칠성 펩시콜라 제로슈거 (1.5L),2580,3000.0
코카콜라 코카콜라 190ml 1CAN,900,3000.0
코카콜라 코카콜라 300ml x 24입(pet),28500,0.0
롯데칠성 펩시콜라 1.5L,2580,3000.0
롯데칠성 펩시콜라 355ML,900,3000.0
코카콜라 1.5L + 환타오렌지 1.5L,4620,3000.0
코카콜라 제로 1.5L,3150,3000.0
코카콜라제로 코카콜라제로 190ml x 90 CAN,65900,0.0
코카콜라 제로 (1.5L),3150,3000.0
코카콜라 코카콜라 250ml 1CAN,1700,3000.0
코카콜라 코카콜라 300ml 1PET,2500,3000.0
코카콜라 500ML,1980,3000.0
코카콜라 제로 (1.5L),3150,3000.0
코카콜라 콜라 1.5L+스프라이트 1.5L 기획팩,4620,3000.0
코카콜라 코카콜라 190ml x 90 CAN,65900,0.0
코카콜라 코카콜라 190ml 1CAN,900,3000.0
코카콜라 코카콜라 300ml x 24입(pet),28500,0.0
롯데칠성 펩시콜라 제로슈거 (500ML),1580,3000.0
코카콜라 1.5L,3740,3000.0
롯데칠성 펩시콜라 제로슈거 355ML,900,3000.0
코카콜라 제로 코카콜라제로 190ml x 90 CAN,65900,0.0
코카콜라 업소용 500ml X 24펫,27240,0.0
펩시콜라 1.25Lx12펫(업소용),15480,0.0
코카콜라제로 코크제로 355캔 X24개 뚱캔,8950,10250.0
펩시콜라 (355ML),1600,3000.0
펩시콜라 (1.8L),2980,3000.0
롯데칠성 펩시콜라 190mlx30캔,13320,0.0
코카콜라 (500ML),1980,3000.0
펩시제로 슈거 라임 콜라 210ml 30캔 제로콜라 탄산음료 제로펩시 제로칼로리 슈거제로,9900,6000.0
일화 맥콜 190ml X 60캔,24900,0.0
피코크 트루스파클링 자몽 500ml X 6,5100,3000.0
펩시 콜라  210ml  60개,27000,0.0
펩시 콜라  600ml  20개,22200,0.0
코카콜라 500ML,1980,3000.0
오늘좋은 콜라 (1.5L),1190,3000.0
칠성사이다 제로 1.5L,2880,3000.0
코카콜라 300ml x 24펫,21750,2500.0
펩시콜라 제로 망고  24개  355ml,15000,0.0
코카콜라 제로 190ml 30캔,12100,5000.0
[롯데칠성음료]펩시콜라 1.25L x 1개/탄산음료,1150,3000.0
롯데 칠성 음료 펩시 콜라 1.25L 페트 업소용,960,3000.0
코카콜라 캔  190ml  24개,4820,10000.0
펩시콜라 355mlx24캔(업소용),15830,2500.0
코카콜라 음료 탄산 미니 작은 페트 300ml 모음 대량 구매 코크 제로 스프라이트 환타,18900,0.0
일화 맥콜 제로 1.5L,1500,3000.0
코카콜라500ml x 24펫/최근상품/안전포장,10930,10000.0
롯데칠성 펩시콜라 600ML,1590,3000.0
롯데칠성음료 펩시제로슈거 라임향 500ml,400,5000.0
코카콜라 355ml x 24캔 업소용 뚱캔 묶음배송,23000,0.0
펩시 업소용 1.25Lx12pet 외 택1,16750,0.0
코카콜라 코카콜라185mlx30캔/음료수/캔음료 5ml UP(190ml),18840,0.0
코카콜라제로 코카콜라 코크제로 190CAN 60입(30x2),31830,0.0
"코카콜라 제로, 1.5L",2360,3000.0
코카콜라 페트  1.25L  12개,13890,5000.0
펩시콜라 펩시 콜라 190ml x 90캔,35150,0.0
당일출고 코카콜라 제로 250mlx30캔,26650,3000.0
태어난김에 세계일주 잉카콜라 골든 페루 INCA KOLA 12oz 6캔,39500,19700.0
[본사직영] 코카콜라 300ml 24입 + 달력,20690,0.0
코카콜라제로 코카콜라 제로 1.5L 1PET,3900,3000.0
코카콜라 코크 제로 무라벨 라벨프리 370ml 24개입,19280,3000.0
일화 맥콜 190ml소캔  30can  3 총 90캔,28480,0.0
코카콜라 코카콜라 500ml 1PET,2300,3000.0
펩시콜라 펩시콜라 제로 라임향 무라벨 300ml 20펫,19400,0.0
코카콜라제로 코카콜라 제로 300ml 1PET,1800,3000.0
코카콜라 코카콜라 (1.8L x 8펫),19400,3000.0
일화 부르르 제로콜라 1.5L 12pet 1박스,17900,0.0
칠성사이다210캔10,4980,3000.0
롯데칠성 (본사직영) 펩시콜라 제로 300ml/355ml/500ml & 블랙1.5L 모음전,17020,0.0
칠성사이다 + 펩시콜라  1.5L  6개,21400,0.0
코카콜라 190ml x 60CAN,23000,7000.0
펩시콜라 제로 슈거라임 210ml x 30캔,14990,2500.0
펩시콜라 제로슈거 라임 355ml 24캔 뚱캔,13200,3500.0
코카콜라 제로 190ml 60캔  30개,10600,7500.0
코카콜라 제로 캔  250ml  24개,16870,5000.0
펩시콜라 제로 250mlx30캔,22200,0.0
펩시콜라 제로 210ml 355ml 300ml 500ml 1.5L 업소용 각2개,12500,0.0
코카콜라 펩시콜라 스프라이트 칠성사이다 킨 환타 500ml 1.25L/최근제조/업소용,13000,3000.0
[본사직영] 코카콜라 라이트 250ml 30CAN,24000,0.0
스프라이트 스프라이트 업소용 1.5리터x 12페트GD,14700,0.0
웅진식품 815콜라 제로 음료  250ml  30개,12980,0.0
펩시콜라 355mlx24캔x2박스,28310,3000.0
무라벨 펩시 제로 슈거 망고 300ml 20펫,12400,0.0
일본 이요시콜라 수제 크래프트 마법의 시럽 250ml,45000,10000.0
코카콜라제로 500ML,1900,3000.0
일화 맥콜 + 천연사이다 350ml X 각24캔,22900,0.0
맥콜 맥콜 190ml 30캔 업소용/음료 캔음료 콜라 사이다,15500,0.0
코카콜라 제로 190ml x 60개,21300,11000.0
코카콜라 코카콜라 250ml 30CAN 1박스,34900,0.0
코카콜라 제로 코카콜라 제로 300ml 24PET1박스,28500,0.0
코카콜라 190ml 60캔 한박스,28800,4000.0
코카콜라 제로 레몬 1.5L,2290,3000.0
코카콜라 (350ML*6입),5980,3000.0
긴캔 콜라 사이다 과즙 이온 탄산 음료수 낱개 골라담기,490,3000.0
코카콜라 제로 245ml-30캔 업소용,15100,3000.0
[롯데] 칠성 사이다 1.5L +펩시 콜라 1.5L,5460,3000.0
일화 맥콜 1.25L,2390,3000.0
코카콜라 제로 제로 코카콜라 1.25Lx12펫(업소용)/최근상품/당일발송,21490,0.0
[웰치스] 웰치 그레이프맛 (355ml6개),5680,3000.0
코카콜라 제로콜라 190ml 60캔 미니 캔 음료,28900,3500.0
일화 맥콜 1.25L,2390,3000.0
씨그램 라임 무라벨 350ML12,5920,3000.0
씨그램 레몬 무라벨 350ML12,5920,3000.0
탄산음료수 코카콜라 뚱캔 355ml,720,5000.0
일화 맥콜 (1.25L),1780,3000.0
롯데칠성음료 펩시콜라 업소용  245ml  48개,13890,10000.0
롯데 사이다 355ml x 12p + 펩시 콜라 355ml x 12p  24개,18500,0.0
코카콜라 제로 레몬 355ml X 24캔,18900,0.0
[홈플러스]코카콜라 코카콜라제로 1.5Lx2,4530,3000.0
"롯데칠성 펩시콜라 기획 (1,500ML*2입)",3980,3000.0
"롯데칠성 펩시콜라 기획 (1,500ML*2입)",3980,3000.0
코카콜라 제로 (1.5L*2),3980,3000.0
펩시콜라 (245ML*8입),4680,3000.0
코카콜라 제로 1.5L*2,4620,3000.0
코카콜라 (본사직영) 코카콜라 1.5L 6입,16220,0.0
코카콜라 코카콜라 업소용 1.25L x 12페트 탄산음료 음료수,22300,0.0
코카콜라 코카콜라 1.5L PET,3900,3000.0
롯데칠성 펩시콜라 1.25L 12페트 (업소용),11960,2500.0
체리 코크 제로 슈가 355ml 12캔 코카콜라 Coca-Cola Cherry Zero 12 fl oz Pack  12개,9820,15000.0
코카콜라 콜라 500ml,400,3000.0
오랑지나 420ml6입,7480,3000.0
[코카콜라] [무료배송] 코카콜라 245MLx60캔 업소용 (60개입),39370,0.0
펩시 제로 라임 슈거 콜라 355ml 24캔,14890,3500.0
일화 맥콜 제로 250ml,400,3000.0
코카콜라 제로 1.5L x 12개입,31300,3000.0
코카콜라 코카콜라 190ml 1CAN,900,3000.0
뚱캔 업소용 음료수 코카콜라 포카리스웨트 펩시 제로라임 닥터페퍼 355ml 각3개씩12캔,8900,3000.0
펩시콜라 업소용 1.25L 12입 (P3),13300,3000.0
코카콜라 코카콜라 업소용 1.25L x 12개,9310,9000.0
펩시콜라 제로 슈거 라임 300ml 20개,11900,4000.0
코카콜라 1.25LX 12입 업소용 1박스,17990,2500.0
[Express] 롯데칠성 펩시콜라 제로슈거 355ML,1090,3000.0
코카콜라 코카콜라 300ml 1PET,2500,3000.0
코카콜라 제로 1.8L,3730,3000.0
[내일도착] 펩시 콜라,38350,0.0
코카콜라제로 355ml 24입(오너먼트 제공),21800,5000.0
[펩시] 콜라 (1.8L/펫),2980,3000.0
[본사직영] 코카콜라제로 300PET 24입 + 코카콜라 3단우산,19520,0.0
코카콜라 500ml x 12개 업소용,12900,0.0
맥콜 맥콜 190ml 30캔 2박스(총60캔),22900,0.0
씨그램 라임 무라벨 350mlx6,3700,3000.0
코카콜라(업소용)355ml x 24캔,19260,3000.0
맥콜  190ml  60개,10880,10000.0
코카콜라1.5 x 12개,30550,3000.0
코카콜라 1.25L x 1개 업소용/최근상품/안전포장,1380,4000.0
코카콜라 제로 1.5L 12입 500ml 24입제로콜라 다이어트음료,26990,2500.0
펩시 펩시콜라 업소용 1.25L X 12펫,14200,0.0
코카콜라 코카콜라 업소용 355ml x 24캔 음료수,17560,3000.0
롯데칠성 칠성사이다+펩시콜라 1.5L 기획팩,4290,3000.0
도매 음료수 미니캔 코카콜라 환타오렌지 스프라이트 190ml 각10캔 총30캔,18900,0.0
[홈플러스] 콜라1.5L+ 스프라이트1.5L,4530,3000.0
코카콜라 제로콜라 코크 190ml 30개 미니 캔 탄산 음료수,10390,6000.0
롯데칠성 펩시콜라 제로슈거 355ML,1090,3000.0
코카콜라 제로 무라벨 370ml6,8000,3000.0
펩시제로 355 콜라뚱캔 팹시 48캔 음료수,29000,6000.0
코카콜라 제로 업소용 1.25L x 12PET,18620,0.0
펩시콜라 제로 355ml X 24캔,17900,0.0
코카콜라 제로 1.8L,3730,3000.0
칠성사이다제로250캔6입,5480,3000.0
롯데칠성 펩시콜라 제로 라임향 무라벨 300ml 20펫,19400,0.0
코카콜라제로 코크제로 500ml x 24입(pet),56900,0.0
코카콜라 제로 레몬 355ml,690,3000.0
코카콜라 업소용 1.25L 1개입,1450,3000.0
코카콜라 제로 355ml,670,3000.0
코카콜라 코카콜라 1.5 x 12개,28930,3000.0
캔음료수 355ml x 24개/코카콜라 펩시콜라 칠성사이다 스프라이트 환타 제로/최근생산,15000,3000.0
코카콜라제로1.5L,1730,3000.0
버터 콜라 / 트리플지플러스 24캔 350mL,27000,0.0
(새벽배송 가능상품)코카콜라 1.8L,1990,3000.0
코카콜라 코카콜라 제로 업소용 245ml x 60캔 음료수,32760,0.0
코카콜라 콜라 500ml 1개입,650,3000.0
[홈플러스]코카콜라 코카콜라 1.8Lx2,5880,3000.0
미니캔음료 음료수 코카콜라 칠성사이다 환타오렌지 맥콜 밀키스 190ml 30캔 각6개씩,18900,0.0
코카콜라 라벨프리 370ml x 24개 페트,18200,5000.0
슈가로로 클리어 콜라 350ml,1800,2500.0
코카콜라 190ml 15캔,13800,0.0
무료배송 코카콜라 355mlx24캔(특수경로용),23210,0.0
[롯데칠성음료]펩시콜라 1.25L x 1개,1120,3000.0
[Hit][갤러리아] 동아 포카리 스웨이트 240ml x 30캔,22530,3000.0
코카콜라 무라벨 370ml X 24페트,17500,5000.0
코카 암바사 355mlx24캔 음료수 펩시 사이다 콜라 스터비,14000,0.0
펩시 콜라  210ml  90개,38350,0.0
펩시콜라 190mlx30캔x3박스,34650,0.0
웅진 815콜라 250ml 60캔 (30캔X2박스),29900,0.0
펩시콜라 제로 355mlx24개,14830,2500.0
코카콜라1.8Lx8개,22930,0.0
코카콜라 제로 (500ML),1980,3000.0
코카콜라 제로 (500ML),1980,3000.0
코카-콜라 제로 500ml,1980,3000.0
펩시 2L 6개,13500,3300.0
코카콜라 코카콜라 업소용 500ml x 24개,10280,10000.0
Inca Kola 잉카콜라 페루 기안84 잉땡콜라 355ml 6캔,44500,10000.0
[롯데] 칠성사이다 1.8L2입,6760,3000.0
펩시콜라 (600ML),1580,3000.0
닥터페퍼 500ml 24개 1박스 / 안전 박스포장,17500,3500.0
업소용/코카콜라 500ml x 1개,770,3000.0
일화 부르르 제로콜라 + 무라벨 제로사이다 1.5L X 각12pet,32900,0.0
코카콜라 제로 355ml x 24캔,17770,3500.0
코카콜라 탄산 음료 페트병 업소용 500ml 20개,20600,0.0
코카콜라 무라벨 370MLx6,7300,3000.0
코카콜라 제로 250ml x 30캔,29200,0.0
IYOSHI COLA 이요시 콜라 시럽 100ml 2종세트,55500,10000.0
코카콜라 500ml 업소용,700,3000.0
코카콜라 업소용 탄산음료  500ml  6개,2850,5000.0
펫트음료 탑씨 오렌지12펫트업소용피티 슬러시 당구장,14900,0.0
펩시콜라 제로 라임 500ml 20개 (업소/일반),17300,3500.0
칠성사이다 펩시콜라 1.25L혼합12팻트업소용 펫트음료,17900,3000.0
코카콜라 제로 355ml 24캔 뚱캔 캔 음료 콜라,17500,4000.0
코카콜라제로 2L 8입,23970,3500.0
펩시제로 라임 무라벨 콜라 300ml 20펫,13100,3000.0
코카콜라 코카콜라 업소용 355ml x 48캔 음료수,37970,0.0
코카콜라 제로 500ml 24펫,40030,0.0
[본사발주] 코카 - 콜라 (업소용) 355ml x 24개,18980,3000.0
펩시콜라 190mlx30캔,12940,2500.0
펩시제로 라임 캔 210ml 30개 (1 박스),10600,5000.0
맥콜 1.25L,1780,3000.0
코카콜라제로 250MLx6,6490,3000.0
코카콜라 바닐라 콜라 제로 슈가 355ml 12캔,26990,9990.0
코카콜라 제로슈거 (1.5L x 12펫),23330,3000.0
코카콜라 캔  160ml  30개,10400,7500.0
맥콜 일화 맥콜 350ml x 24캔 탄산음료 음료수 콜라 캔음료,14370,0.0
코카콜라 355ml 24개 탄산음료,17900,3000.0
코카콜라 190ml 60캔 미니 캔 음료,29900,3500.0
펩시콜라 250ml 30캔 탄산음료,19400,0.0
펩시 콜라 제로 라임 500ml 20개,16550,0.0
롯데칠성 펩시콜라 제로슈거 (355ML),1600,3000.0
작은생각 수제콜라 시럽 탄산음료 원액 500ml,14800,3000.0
팔일오 콜라 1.5L  24개,32000,0.0
코카콜라제로 250ML*6,6490,3000.0
[코카콜라]코크제로 250CAN 30입,25380,3000.0
코카콜라제로 코카콜라 제로 300ml 24PET1박스,28500,0.0
펩시콜라 355ml 48캔(박스포장) 업소용,29500,3000.0
코카콜라 1.25L 탄산음료,23900,0.0
펩시콜라 600ml,1580,3000.0
[펩시] 콜라 (250ml6캔),4680,3000.0
[내일도착] 팔일오 콜라 1.5L  24개,32000,0.0
[롯데] 칠성 사이다 1.5L+밀키스 1.5L,5460,3000.0
펩시콜라 355mlx24캔,15050,2500.0
코카콜라 제로 레몬 355ml 48캔 박스포장  48개,25780,10000.0
펩시 제로 슈거 무라벨 콜라 라임향  60개  300ml,39350,0.0
코카콜라 1.25L x 2개 업소용,3300,3000.0
코카콜라 제로 레몬 500ml,790,3000.0
펩시제로1.5 콜라1.5 팹시 펩시블랙 12개,20500,6000.0
펩시콜라 1.25L 12페트 (업소용)/무배,14790,0.0
펩시콜라 펩시콜라 355mlx48캔 (비즈)(무바코드),30660,0.0
제로콜라 250ML,1000,6000.0
펩시콜라 1.5리터 x 12페트,24100,3000.0
코카콜라 콜라 1.25L  12펫 업소용,21400,0.0
피코크 트루스파클링 레몬 500ml X 6,5100,3000.0
펩시 펩시콜라 캔 업소용 355mlX24캔,16770,0.0
일화 탑씨 콜라 1.5L x 1개,890,3000.0
스프라이트 제로 3556,5500,3000.0
펩시콜라 펩시콜라 190ml x 30캔,10670,3000.0
칠성사이다 300펫8입 30주년 굿즈 패키지,10980,3000.0
펩시 제로 콜라 1.5L(12pet),21240,3000.0
코카콜라 190ml 60캔 박스 미니 캔 음료,27200,4000.0
코카콜라 콜라 190ml,500,3000.0
비건콜라 제로 250ml 24캔 코스트코,21560,3500.0
코카콜라 1.25L2입,3880,3000.0
빅토리아 커피콜라 300ml,1680,3000.0
코카콜라 제로 500ml,640,3000.0
코카콜라 1.25L x 12개 업소용,18500,3000.0
코카콜라 업소용 355 캔음료 탄산음료,19350,3000.0
코카콜라 245ml x 30캔 업소용,20200,0.0
코카콜라제로+스프라이트제로 기획 (1.5L*2입),4250,3000.0
코카콜라 코카콜라 코카콜라 190CAN 60입(30x2),31760,0.0
코카콜라 제로 1.25L 12개 업소용 탄산음료,16400,3000.0
[본사발주] 코카 - 콜라 제로 캔 190ml x 30개,14980,3000.0
[롯데] 칠성사이다(250ml6) 1500ml,5470,3000.0
코카콜라 캔 미니 190mL 30개 음료,14600,3000.0
코카콜라 제로 페트  1.5L  1개,4900,0.0
캔음료 음료수 모음 175ml 190ml 1박스 30캔  맥콜 190ml 30캔,15900,0.0
펩시콜라 245ml x 30캔 최근 생산 제조 안전포장 도매 업소용 가정용,16630,0.0
펩시콜라 190mlx30캔x3박스(90캔) 무료배송,40130,0.0
코카콜라 600MLX12팩,21290,3900.0
캔음료수 롯데펩시콜라 업소용 245ml 슬릭캔 48입 무료배송,26800,0.0
코카콜라 190ml 90개,48800,0.0
펩시 제로 슈거 무라벨 콜라 라임향  40개  300ml,26200,0.0
롯데칠성 칠성사이다1.8L+펩시콜라1.8L,4790,3000.0
코카콜라 코카콜라 300ml 24PET  탄산음료수,19740,0.0
코카콜라 코크 제로 무라벨 라벨프리 370ml X 24입,23900,0.0
일화 맥콜 190mlx30캔 특수경로용,11900,0.0
[내일도착] 펩시 콜라 제로슈가 라임향  210ml  90개,38170,0.0
노브랜드 라무네소다 200ml,1280,3000.0
일화 맥콜 제로 1.5L,1500,3000.0
코카콜라 콜라 1.25L,900,3000.0
롯데칠성 펩시콜라 1.8L,2980,3000.0
코카콜라 제로 2L,2980,3000.0
코카콜라 멕시코 355ml 8병,54000,10000.0
콜라 15개 사이다 15개 190ml 30캔 묶음모음전,20450,0.0
코카콜라 300ml,1600,3000.0
일화 맥콜 1.25L X 12pet 비건 인증 음료,15900,0.0
[Express] 코카콜라 제로 1.5L,3790,3000.0
코카콜라 355mlX48캔 업소용,37430,3000.0
코카콜라 콜라 215ml 캔,590,3000.0
업소용 코카콜라 500mlx24개,21200,3500.0
롯데칠성 펩시 245ml 1개,390,3000.0
코카콜라 2L 8개,24500,3300.0
코카콜라 300ml 24개,16300,3000.0
사려고량주 블랙(백주)33% / 고급형52% 500ml /고량주잔,80000,500.0
코카콜라 제로 무라벨 370PET 48개,41800,0.0
코카콜라 코카콜라 업소용 500ml x 24개,10270,10000.0
[Express] 롯데칠성 펩시콜라 355ML,1090,3000.0
[홈플러스]코카콜라 1.8L,3660,3000.0
[본사직영] 롯데 펩시콜라 제로 355ml x 24캔,17840,0.0
맥콜190mlx30캔/ 탄산음료,11900,3000.0
[Express] 코카콜라 1.8L,3390,3000.0
부르르 제로콜라 카페인프리 350ml X 40pet 무카페인,30800,0.0
코카콜라 코카콜라 355ml x 48개 업소용 탄산 캔음료,35450,3500.0
일화 맥콜 제로 250ml 30개입,12200,3500.0
롯데칠성) 펩시 1.25L PET 1개 48434 QQA,980,3000.0
[코카콜라] 코카콜라 무라벨 370ml x 8입+접시기획,15800,3000.0
펩시 제로슈거 라임 500ml 20페트,16900,4000.0
코카콜라 제로 코카콜라 제로 300ml 1PET,1800,3000.0
코카콜라 제로 캔  190ml  20개,3050,10000.0
코카콜라 190ml 30개 캔음료 음료수 탄산음료,14600,3000.0
일화 맥콜/ 맥콜제로 모음전 190/250/350/500/1.25/1.5,16240,3000.0
코카1.8L + 스프라이트 1.8L,4980,3000.0
델몬스 스퀴즈 사과에이드 240ml x 30캔 음료수,14000,0.0
코카콜라 탄산음료 355ml,550,3000.0
펩시콜라 355mlx24캔x2박스  355ml  48개,24900,10000.0
씨그램 피치 무라벨 350ml X12입,5920,3000.0
[본사발주] 일화 - 맥콜 제로 1.5L x 12개,16980,3000.0
롯데칠성 펩시 제로 라임 190mlx30캔,11190,3500.0
코카콜라 190mlx30캔,18270,2500.0
[Express] 롯데칠성 펩시콜라 1.5L,1990,3000.0
코크제로 190ml 30개 코카콜라 미니캔 코크제로19030,14400,3000.0
코카콜라 제로 215ml 30개,15300,3000.0
코카콜라제로 500ml x 24 업소용,19590,3000.0
코카콜라 제로 카페인 제로 250ml/ 10캔,11800,0.0
웅진 815콜라제로 250MLX60캔 (30캔X2박스),29900,0.0
코카콜라 190ml 90개,47400,0.0
코카콜라 190ml x 90개,39100,10000.0
펩시콜라 355mlx24캔,17170,2500.0
펩시 제로 슈거 라임향  500ml  30개,27370,0.0
콜라 칠성사이다 환타 오렌지 190ml 3종 30캔 세트,14400,3000.0
펩시콜라 500mlx20펫 (업소용)/무배/,14780,0.0
코카콜라 제로 500ml 1개입,650,3000.0
펩시콜라355ml x 24특판용,14990,3000.0
코카콜라제로500ml 24개,20000,3500.0
씨그램 레몬 무라벨 350mlx6,3700,3000.0
마시자 콜라 액상,12000,3000.0
코카콜라 1.25L x 12입 (업소용),18000,3000.0
일화 탑씨 콜라 1.5L 12개,10200,3000.0
코카콜라 닥터페퍼 제로 355ML 24개,400,15000.0
일화 맥콜 350ml X 24캔,13900,0.0
펩시제로라임 250ml 30캔 제로음료 팹시제로,21300,3500.0
코카콜라 제로 355ml 1개입 (업소),660,3000.0
코카콜라 제로 1.8L,3730,3000.0
[골드메달] 스파클링 애플 주스 (탄산) 296ml,2680,3000.0
코카콜라 제로 1.25Lx12펫(업소용),17460,2500.0
노브랜드 콜라1.5L,980,3000.0
(본사)코카콜라 350CAN X24 + 틴케이스,22770,0.0
펩시콜라 제로 슈거라임 210ml x 60캔 (30캔 2박스) 라임향,21500,5000.0
코카콜라 콜라 355ml,400,3000.0
코카콜라 코카콜라 300PET 24입,21530,0.0
코카콜라 제로 무라벨 370MLx6,7300,3000.0
펩시 콜라 제로 라임 210ml 60개,29100,0.0
코카콜라 250ml x 60can,49300,0.0
코카콜라 제로 355ml x 24개,14500,5000.0
코카콜라 콜라 500ml,640,3000.0
일화 맥콜 + 천연사이다 250ml X 각30캔,25900,0.0
코카콜라 제로 335ml 48캔 한박스,34000,4000.0
코카콜라 제로 업소용 1.25L x 12PET,18610,0.0
코카콜라 제로 355ml 6입,7300,3000.0
펩시 콜라 니트로 드래프트 바닐라 나이트로 질소콜라 404ml 2종,5900,12900.0
롯데 펩시콜라 (1.25L x 12펫),11640,3000.0
코카콜라음료 코카콜라 제로 제로 카페인 250ml 30캔,24700,3000.0
펩시 콜라 제로 라임 탄산음료 팹시 캔 음료수 210ml x 30캔,16900,3500.0
코카콜라 미니캔 190ml x 30개,10960,6000.0
펩시콜라 1.25L [업소용],910,3000.0
펩시제로슈거 라임 콜라 500ml 업소용 20개,25200,0.0
코카콜라 제로 500ml x12개,20760,0.0
노브랜드 스파클링에이드 라임 1L,980,3000.0
코카콜라 코카콜라 업소용 500ml 24PET/펩시/칠성사이다/음료수,20560,0.0
[내일도착] 펩시 콜라  250ml  90개,45650,0.0
코카콜라 제로 355ml,400,3000.0
홈플러스시그니처 콜라 350ML,500,3000.0
[분다버그] 핑크자몽 375ml 6입,17490,3000.0
롯데 펩시콜라 제로슈거 라임 190ml 30개,17800,0.0
펩시 콜라 제로 망고 무라벨 300ml x 80개,32500,0.0
스프라이트 스프라이트 190ml 1CAN,800,3000.0
한입에 쏙 코카콜라/칠성사이다 작은캔 30캔,13000,3500.0
코카콜라 제로콜라 드림월드 에디션 355ml 24개,24190,3000.0
펩시 콜라 제로슈거 라임향 355ml x 24캔 뚱캔,11100,5000.0
코카콜라 코카콜라 500ml 1PET,2300,3000.0
355ml x 3입 펩시콜라 병음료 병콜라 식당 음료수 업소용 공병,4700,3000.0
코카콜라 250ml 일반용 (30캔) 초특가,26010,3000.0
밀키스제로 250ml 6입,4480,3000.0
펩시콜라 355mlx24캔(업소용),14850,2500.0
[홈플러스] 코카콜라 500ML,1950,3000.0
코카콜라 245ml 30캔   60캔 골라담기 - 긴캔 슬릭캔,18490,0.0
코카콜라 350MLX24캔,22400,3500.0
펩시 제로 슈거 라임향 210ml,500,3000.0
코카콜라 제로 355ml 24개 제로칼로리,22900,0.0
코카콜라 제로 코카콜라제로+ 스프라이트 190mlx 60캔 (각 30캔),40900,0.0
코스트코 비건콜라 제로 250ml 24캔 음료수,24990,0.0
코카콜라 코카콜라 업소용 1.25L x 1PET,1320,3000.0
펩시콜라 제로슈거 라임 355ml x 24캔 탄산음료,12000,5000.0
펩시 콜라  1.5L  24개,41200,0.0
[웅진] 815 콜라 제로 250ml 30캔,11300,3000.0
홈플러스시그니처 제로콜라 350MLx6입,2990,3000.0
코카콜라 코카콜라 250ml 1CAN,1700,3000.0
미니 캔음료 음료수 190ml 30캔 코카콜라10 칠성사이다10 레쓰비5 비락식혜5 도매,16900,0.0
일화 맥콜 제로 + 천연사이다 제로 250ml X 각30캔 (총60캔),33800,0.0
코카콜라500ml x 24펫 업소용/최근상품/안전포장,17950,4000.0
코카콜라 190ml(15캔) 음료수,10000,0.0
노브랜드 스파클링에이드 라임 350ml6,2880,3000.0
[코카콜라] 코카콜라1.8Lx8개,23100,0.0
코카콜라 제로 캔  250ml  15개,9600,5000.0
코카콜라 제로 레몬 1.5L,3150,3000.0
코카콜라 (350ML*6입),5980,3000.0
코카콜라 300ml PET 24입,20900,0.0
코카콜라제로 코카콜라 미니페트 300ml 24 개 탄산음료,20900,0.0
코카콜라 제로 캔  215ml  60개,39900,0.0
웅진 815콜라제로 250MLX60캔 (30캔X2박스),29900,0.0
펩시제로슈거라임향 1.25L 업소용 12pet,13500,3000.0
[트레이더스]코카콜라 버라이어티 215ml X 30입,18980,4000.0
코카콜라 무라벨 370ml 24개,21800,3000.0
롯데칠성 펩시콜라 500mlX20펫 업소용,16700,0.0
제로콜라 1.5L 1 - 제로콜라 1.5L x 12개,26490,0.0
코카콜라 콜라 245ml 24캔 스터비,17200,0.0
펩시 콜라  48개  245ml,14200,10000.0
오늘좋은 콜라 (1.5L),1190,3000.0
코카콜라 (미니) (300ML),1600,3000.0
코카콜라캔 350ml x 24입,22900,4000.0
코카콜라 500ml x 24펫트,34760,0.0
미니캔 작은캔 음료수 코카콜라 제로 펩시 맥콜 190ml 각30캔 총90캔 소캔 캔음료,40300,0.0
Coca-Cola 코카콜라 제로 라임 330ml 12팩,139000,0.0
코카콜라 제로 업소용 1.25Lx12PET,15400,3000.0
[롯데] 칠성 사이다 (500ml),1770,3000.0
맥콜 190ml x 30캔 190ml 탑씨 레쓰비 업소용 음료수,9770,3000.0
코카콜라 1.8L 2입 기획,5980,3000.0
코카콜라 코카콜라 355ml x 24캔 무료배송,22700,0.0
일화 맥콜 캔  160ml  30개,12950,0.0
제로콜라 코크제로 캔 페트 코카 병 355ml 300ml 215ml 190ml 1.5L,8900,0.0
[HIT][갤러리아] 토닉워터 플레인 300ml 24병,18100,0.0
[홈플러스]일화 맥콜 1.25L,2350,3000.0
일화 맥콜 (1.25L),1780,3000.0
코카콜라 제로 제로 카페인 250ml 30캔,25900,5000.0
웅진식품 815 콜라 제로 250ML  60개,26300,0.0
코카콜라 190ml 90캔 오리지널 미니 콜라,49000,0.0
코카콜라1.8Lx8개,23200,0.0
코카콜라 콜라 190ml 1캔,550,3000.0
코카콜라 190ml 60캔 콜라 한박스,27500,4000.0
노브랜드 토닉워터 제로 500ml,880,3000.0
펩시콜라 제로 망고 355ml x 24개 제로콜라,17740,0.0
페루 잉카콜라 2리터,45150,0.0
코카콜라제로 215ml12,7780,3000.0
맥콜  210ml  30개,17350,0.0
[중앙몰] 코카콜라 제로 190ml 30캔 탄산 음료수 캔음료 제로칼로리,18300,0.0
홈플러스시그니처 콜라 1.5L,1000,3000.0
코카콜라 190ml 90캔,53800,0.0
코카콜라제로 제로 코카콜라 1.25Lx12펫(업소용)/최근상품/당일발송,21490,0.0
코카콜라1.8Lx8개,22800,0.0
펩시 롯데-펩시355ml(24캔) x2  48캔  355ml,23720,10000.0
롯데칠성 펩시콜라 제로 355ml캔 24본  본사직영,12470,0.0
Coca Cola 일본 코카콜라 병콜라 190ml 4병,42000,0.0
펩시콜라 1.25L 12펫 업소용,16400,0.0
코카콜라 코크 제로 355ml x 24캔,14500,5000.0
코카콜라 제로 1.5L,3480,3000.0
일화 맥콜 350ml x 24개,11800,3000.0
롯데 펩시 500ml x 20페트 콜라 업소용 음료수 탄산,14800,0.0
펩시 제로슈거 라임향 210ml10,4980,3000.0
제로 코카 콜라 업소용 청량 탄산 음료수 1.25L x 12개,18330,3000.0
펩시콜라 제로 355mlx24캔,15050,2500.0
롯데칠성 펩시콜라 제로 355ml x 24캔,17120,0.0
오늘좋은 콜라 제로 (1.5L),1490,3000.0
노브랜드 캔콜라355ml6,2880,3000.0
코카콜라 1.5L,3990,3000.0
"펩시제로콜라 제로라임 업소용355ml x 24캔, 500ml x 20페트 뚱캔 최신생산",13200,3000.0
웅진 팔일오 콜라  250ml  60개,24800,0.0
펩시제로슈거 1.5펫,2580,3000.0
코카콜라 215ml 12입,7780,3000.0
코카콜라 제로 500ml 12입+12입 업소용 음료수 제로칼로리,19900,3000.0
펩시 제로 슈거 라임향  500ml  6개,11550,0.0
펩시콜라 제로슈거라임 355ml 24개,12500,6000.0
코카콜라 제로 코카콜라 제로 대용량 2L x 8,25040,0.0
코카콜라 제로 코카콜라제로+ 코카콜라 190mlx 60캔 (각 30캔),43900,0.0
코카콜라 제로 무라벨 370ml 24개,18430,3500.0
펩시콜라1.25Lx12개,15140,0.0
펩시 업소용 245mlx30캔,14300,3000.0
코카콜라 (미니) (300ML),1600,3000.0
(본사직영) 코크제로 355ml캔 24입,23300,0.0
코카콜라 제로 코카콜라 245ml 30캔 업소용,17320,0.0
코카콜라 300ml12PET,9980,3000.0
닥터페퍼 500ml,720,3000.0
코카콜라 y3000 ai콜라 오리지날맛 10개입,19500,15000.0
